scaffolds	4
cells	4
tissue	4
cell	4
scaffold	4
bone	4
engineering	4
study	4
properties	3
collagen	3
human	3
vitro	3
growth	3
results	3
stem	3
after	3
matrix	3
protein	3
mechanical	3
potential	3
regeneration	3
differentiation	3
culture	3
formation	3
different	3
vivo	3
cartilage	3
novel	3
porous	3
surface	3
proliferation	3
compared	3
applications	3
activity	3
structure	3
proteins	3
more	3
expression	3
development	3
model	3
studies	3
analysis	3
materials	3
repair	3
high	3
constructs	3
however	3
seeded	3
cultured	3
weeks	3
